mse,cor
1.2081124,0.05158468596052667
