AEW541_mse,AEW541_cor,Nilotinib_mse,Nilotinib_cor,17-AAG_mse,17-AAG_cor,PHA-665752_mse,PHA-665752_cor,Lapatinib_mse,Lapatinib_cor,Nutlin-3_mse,Nutlin-3_cor,AZD0530_mse,AZD0530_cor,PF2341066_mse,PF2341066_cor,L-685458_mse,L-685458_cor,ZD-6474_mse,ZD-6474_cor,Panobinostat_mse,Panobinostat_cor,Sorafenib_mse,Sorafenib_cor,Irinotecan_mse,Irinotecan_cor,Topotecan_mse,Topotecan_cor,LBW242_mse,LBW242_cor,PD-0325901_mse,PD-0325901_cor,PD-0332991_mse,PD-0332991_cor,Paclitaxel_mse,Paclitaxel_cor,AZD6244_mse,AZD6244_cor,PLX4720_mse,PLX4720_cor,RAF265_mse,RAF265_cor,TAE684_mse,TAE684_cor,TKI258_mse,TKI258_cor,Erlotinib_mse,Erlotinib_cor
0.6964329,0.28829389213416506,1.3863343,0.22183337606998088,2.7781973,0.2644468031553916,0.96177566,0.23036358469638565,1.6371752,0.32105807441311235,0.84264416,0.13984324413921917,2.0651143,0.2756800177156257,0.711217,0.5010843195190403,1.0053029,0.031012520309494765,3.4898875,0.19526554626323533,1.7993863,0.3602537287591059,0.36236724,0.1447081858328305,6.194971,0.3942854241940592,4.481559,0.23166180870196645,1.276128,0.05864871946963032,2.3787527,0.2732429446500923,1.1633837,0.3150202434806489,3.1475227,0.3356152551897376,1.506952,0.384075437125048,2.335674,0.03521162580923606,2.1750004,-0.20836305508792477,2.1424582,0.18904497373298493,1.2902635,0.341201252317999,1.4557601,0.0024509508855795987
